[{"model": "main.partsensorconfig", "pk": 41, "fields": {"profile": 102, "alarm_active": false, "delay": 0, "low_alarm": 100, "low_warning": 200, "high_warning": 300, "high_alarm": 400}}, {"model": "main.partsensorconfig", "pk": 42, "fields": {"profile": 103, "alarm_active": false, "delay": 0, "low_alarm": 100, "low_warning": 200, "high_warning": 300, "high_alarm": 400}}, {"model": "main.partsensorconfig", "pk": 43, "fields": {"profile": 104, "alarm_active": false, "delay": 0, "low_alarm": 100, "low_warning": 200, "high_warning": 300, "high_alarm": 400}}, {"model": "main.partsensorconfig", "pk": 44, "fields": {"profile": 105, "alarm_active": false, "delay": 0, "low_alarm": 100, "low_warning": 200, "high_warning": 300, "high_alarm": 400}}, {"model": "main.partsensorconfig", "pk": 45, "fields": {"profile": 106, "alarm_active": false, "delay": 0, "low_alarm": 100, "low_warning": 200, "high_warning": 300, "high_alarm": 400}}, {"model": "main.partsensorconfig", "pk": 46, "fields": {"profile": 107, "alarm_active": false, "delay": 0, "low_alarm": 100, "low_warning": 200, "high_warning": 300, "high_alarm": 400}}, {"model": "main.partsensorconfig", "pk": 47, "fields": {"profile": 108, "alarm_active": false, "delay": 0, "low_alarm": 100, "low_warning": 200, "high_warning": 300, "high_alarm": 400}}, {"model": "main.partsensorconfig", "pk": 48, "fields": {"profile": 109, "alarm_active": false, "delay": 0, "low_alarm": 100, "low_warning": 200, "high_warning": 300, "high_alarm": 400}}, {"model": "main.partsensorconfig", "pk": 49, "fields": {"profile": 110, "alarm_active": false, "delay": 0, "low_alarm": 100, "low_warning": 200, "high_warning": 300, "high_alarm": 400}}, {"model": "main.partsensorconfig", "pk": 50, "fields": {"profile": 111, "alarm_active": false, "delay": 0, "low_alarm": 100, "low_warning": 200, "high_warning": 300, "high_alarm": 400}}, {"model": "main.flowsensorconfig", "pk": 41, "fields": {"profile": 102, "alarm_active": false, "delay": 0, "low_alarm": 950, "low_warning": 1000, "high_warning": 1050, "high_alarm": 1100, "metric": true}}, {"model": "main.flowsensorconfig", "pk": 42, "fields": {"profile": 103, "alarm_active": false, "delay": 0, "low_alarm": 950, "low_warning": 1000, "high_warning": 1050, "high_alarm": 1100, "metric": true}}, {"model": "main.flowsensorconfig", "pk": 43, "fields": {"profile": 104, "alarm_active": false, "delay": 0, "low_alarm": 950, "low_warning": 1000, "high_warning": 1050, "high_alarm": 1100, "metric": true}}, {"model": "main.flowsensorconfig", "pk": 44, "fields": {"profile": 105, "alarm_active": false, "delay": 0, "low_alarm": 950, "low_warning": 1000, "high_warning": 1050, "high_alarm": 1100, "metric": true}}, {"model": "main.flowsensorconfig", "pk": 45, "fields": {"profile": 106, "alarm_active": false, "delay": 0, "low_alarm": 950, "low_warning": 1000, "high_warning": 1050, "high_alarm": 1100, "metric": true}}, {"model": "main.flowsensorconfig", "pk": 46, "fields": {"profile": 107, "alarm_active": false, "delay": 0, "low_alarm": 950, "low_warning": 1000, "high_warning": 1050, "high_alarm": 1100, "metric": true}}, {"model": "main.flowsensorconfig", "pk": 47, "fields": {"profile": 108, "alarm_active": false, "delay": 0, "low_alarm": 950, "low_warning": 1000, "high_warning": 1050, "high_alarm": 1100, "metric": true}}, {"model": "main.flowsensorconfig", "pk": 48, "fields": {"profile": 109, "alarm_active": false, "delay": 0, "low_alarm": 950, "low_warning": 1000, "high_warning": 1050, "high_alarm": 1100, "metric": true}}, {"model": "main.flowsensorconfig", "pk": 49, "fields": {"profile": 110, "alarm_active": false, "delay": 0, "low_alarm": 950, "low_warning": 1000, "high_warning": 1050, "high_alarm": 1100, "metric": true}}, {"model": "main.flowsensorconfig", "pk": 50, "fields": {"profile": 111, "alarm_active": false, "delay": 0, "low_alarm": 950, "low_warning": 1000, "high_warning": 1050, "high_alarm": 1100, "metric": true}}, {"model": "main.presssensorconfig", "pk": 41, "fields": {"profile": 102, "alarm_active": true, "delay": 0, "negative_room": false, "in_h2o": false, "low_alarm": 1, "low_warning": 3, "high_warning": 22, "high_alarm": 25, "low_alarm_neg": 15, "low_warning_neg": 12, "high_warning_neg": 8, "high_alarm_neg": 7}}, {"model": "main.presssensorconfig", "pk": 42, "fields": {"profile": 103, "alarm_active": true, "delay": 0, "negative_room": false, "in_h2o": false, "low_alarm": 1, "low_warning": 3, "high_warning": 22, "high_alarm": 25, "low_alarm_neg": 15, "low_warning_neg": 12, "high_warning_neg": 8, "high_alarm_neg": 7}}, {"model": "main.presssensorconfig", "pk": 43, "fields": {"profile": 104, "alarm_active": true, "delay": 0, "negative_room": false, "in_h2o": false, "low_alarm": 1, "low_warning": 3, "high_warning": 22, "high_alarm": 25, "low_alarm_neg": 15, "low_warning_neg": 12, "high_warning_neg": 8, "high_alarm_neg": 7}}, {"model": "main.presssensorconfig", "pk": 44, "fields": {"profile": 105, "alarm_active": true, "delay": 0, "negative_room": false, "in_h2o": false, "low_alarm": 1, "low_warning": 3, "high_warning": 22, "high_alarm": 25, "low_alarm_neg": 15, "low_warning_neg": 12, "high_warning_neg": 8, "high_alarm_neg": 7}}, {"model": "main.presssensorconfig", "pk": 45, "fields": {"profile": 106, "alarm_active": true, "delay": 0, "negative_room": false, "in_h2o": false, "low_alarm": 1, "low_warning": 3, "high_warning": 22, "high_alarm": 25, "low_alarm_neg": 15, "low_warning_neg": 12, "high_warning_neg": 8, "high_alarm_neg": 7}}, {"model": "main.presssensorconfig", "pk": 46, "fields": {"profile": 107, "alarm_active": true, "delay": 0, "negative_room": false, "in_h2o": false, "low_alarm": 1, "low_warning": 3, "high_warning": 22, "high_alarm": 25, "low_alarm_neg": 15, "low_warning_neg": 12, "high_warning_neg": 8, "high_alarm_neg": 7}}, {"model": "main.presssensorconfig", "pk": 47, "fields": {"profile": 108, "alarm_active": true, "delay": 0, "negative_room": false, "in_h2o": false, "low_alarm": 1, "low_warning": 3, "high_warning": 22, "high_alarm": 25, "low_alarm_neg": 15, "low_warning_neg": 12, "high_warning_neg": 8, "high_alarm_neg": 7}}, {"model": "main.presssensorconfig", "pk": 48, "fields": {"profile": 109, "alarm_active": true, "delay": 0, "negative_room": false, "in_h2o": false, "low_alarm": 1, "low_warning": 3, "high_warning": 22, "high_alarm": 25, "low_alarm_neg": 15, "low_warning_neg": 12, "high_warning_neg": 8, "high_alarm_neg": 7}}, {"model": "main.presssensorconfig", "pk": 49, "fields": {"profile": 110, "alarm_active": true, "delay": 0, "negative_room": false, "in_h2o": false, "low_alarm": 1, "low_warning": 3, "high_warning": 22, "high_alarm": 25, "low_alarm_neg": 15, "low_warning_neg": 12, "high_warning_neg": 8, "high_alarm_neg": 7}}, {"model": "main.presssensorconfig", "pk": 50, "fields": {"profile": 111, "alarm_active": true, "delay": 0, "negative_room": false, "in_h2o": false, "low_alarm": 1, "low_warning": 3, "high_warning": 22, "high_alarm": 25, "low_alarm_neg": 15, "low_warning_neg": 12, "high_warning_neg": 8, "high_alarm_neg": 7}}, {"model": "main.tempsensorconfig", "pk": 44, "fields": {"profile": 102, "alarm_active": true, "delay": 0, "low_alarm": 19.0, "low_warning": 22.0, "high_warning": 26.0, "high_alarm": 29.0, "celsius": true}}, {"model": "main.tempsensorconfig", "pk": 45, "fields": {"profile": 103, "alarm_active": true, "delay": 0, "low_alarm": 19.0, "low_warning": 22.0, "high_warning": 26.0, "high_alarm": 29.0, "celsius": true}}, {"model": "main.tempsensorconfig", "pk": 46, "fields": {"profile": 104, "alarm_active": true, "delay": 0, "low_alarm": 19.0, "low_warning": 22.0, "high_warning": 26.0, "high_alarm": 29.0, "celsius": true}}, {"model": "main.tempsensorconfig", "pk": 47, "fields": {"profile": 105, "alarm_active": true, "delay": 0, "low_alarm": 19.0, "low_warning": 22.0, "high_warning": 26.0, "high_alarm": 29.0, "celsius": true}}, {"model": "main.tempsensorconfig", "pk": 48, "fields": {"profile": 106, "alarm_active": true, "delay": 0, "low_alarm": 19.0, "low_warning": 22.0, "high_warning": 26.0, "high_alarm": 29.0, "celsius": true}}, {"model": "main.tempsensorconfig", "pk": 49, "fields": {"profile": 107, "alarm_active": true, "delay": 0, "low_alarm": 19.0, "low_warning": 22.0, "high_warning": 26.0, "high_alarm": 29.0, "celsius": true}}, {"model": "main.tempsensorconfig", "pk": 50, "fields": {"profile": 108, "alarm_active": true, "delay": 0, "low_alarm": 19.0, "low_warning": 22.0, "high_warning": 26.0, "high_alarm": 29.0, "celsius": true}}, {"model": "main.tempsensorconfig", "pk": 51, "fields": {"profile": 109, "alarm_active": true, "delay": 0, "low_alarm": 19.0, "low_warning": 22.0, "high_warning": 26.0, "high_alarm": 29.0, "celsius": true}}, {"model": "main.tempsensorconfig", "pk": 52, "fields": {"profile": 110, "alarm_active": true, "delay": 0, "low_alarm": 19.0, "low_warning": 22.0, "high_warning": 26.0, "high_alarm": 29.0, "celsius": true}}, {"model": "main.tempsensorconfig", "pk": 53, "fields": {"profile": 111, "alarm_active": true, "delay": 0, "low_alarm": 19.0, "low_warning": 22.0, "high_warning": 26.0, "high_alarm": 29.0, "celsius": true}}, {"model": "main.humsensorconfig", "pk": 41, "fields": {"profile": 102, "alarm_active": false, "delay": 0, "low_alarm": 40.0, "low_warning": 45.0, "high_warning": 55.0, "high_alarm": 60.0}}, {"model": "main.humsensorconfig", "pk": 42, "fields": {"profile": 103, "alarm_active": false, "delay": 0, "low_alarm": 40.0, "low_warning": 45.0, "high_warning": 55.0, "high_alarm": 60.0}}, {"model": "main.humsensorconfig", "pk": 43, "fields": {"profile": 104, "alarm_active": false, "delay": 0, "low_alarm": 40.0, "low_warning": 45.0, "high_warning": 55.0, "high_alarm": 60.0}}, {"model": "main.humsensorconfig", "pk": 44, "fields": {"profile": 105, "alarm_active": false, "delay": 0, "low_alarm": 40.0, "low_warning": 45.0, "high_warning": 55.0, "high_alarm": 60.0}}, {"model": "main.humsensorconfig", "pk": 45, "fields": {"profile": 106, "alarm_active": false, "delay": 0, "low_alarm": 40.0, "low_warning": 45.0, "high_warning": 55.0, "high_alarm": 60.0}}, {"model": "main.humsensorconfig", "pk": 46, "fields": {"profile": 107, "alarm_active": false, "delay": 0, "low_alarm": 40.0, "low_warning": 45.0, "high_warning": 55.0, "high_alarm": 60.0}}, {"model": "main.humsensorconfig", "pk": 47, "fields": {"profile": 108, "alarm_active": false, "delay": 0, "low_alarm": 40.0, "low_warning": 45.0, "high_warning": 55.0, "high_alarm": 60.0}}, {"model": "main.humsensorconfig", "pk": 48, "fields": {"profile": 109, "alarm_active": false, "delay": 0, "low_alarm": 40.0, "low_warning": 45.0, "high_warning": 55.0, "high_alarm": 60.0}}, {"model": "main.humsensorconfig", "pk": 49, "fields": {"profile": 110, "alarm_active": false, "delay": 0, "low_alarm": 40.0, "low_warning": 45.0, "high_warning": 55.0, "high_alarm": 60.0}}, {"model": "main.humsensorconfig", "pk": 50, "fields": {"profile": 111, "alarm_active": false, "delay": 0, "low_alarm": 40.0, "low_warning": 45.0, "high_warning": 55.0, "high_alarm": 60.0}}, {"model": "main.profile", "pk": 102, "fields": {"room_index": 1, "profile_index": 1, "title": "Profile 1", "color": 3, "is_active": true}}, {"model": "main.profile", "pk": 103, "fields": {"room_index": 1, "profile_index": 2, "title": "Profile 2", "color": 3, "is_active": false}}, {"model": "main.profile", "pk": 104, "fields": {"room_index": 1, "profile_index": 3, "title": "Profile 3", "color": 3, "is_active": false}}, {"model": "main.profile", "pk": 105, "fields": {"room_index": 1, "profile_index": 4, "title": "Profile 4", "color": 3, "is_active": false}}, {"model": "main.profile", "pk": 106, "fields": {"room_index": 1, "profile_index": 5, "title": "Profile 5", "color": 3, "is_active": false}}, {"model": "main.profile", "pk": 107, "fields": {"room_index": 2, "profile_index": 1, "title": "Profile 1", "color": 3, "is_active": true}}, {"model": "main.profile", "pk": 108, "fields": {"room_index": 2, "profile_index": 2, "title": "Profile 2", "color": 3, "is_active": false}}, {"model": "main.profile", "pk": 109, "fields": {"room_index": 2, "profile_index": 3, "title": "Profile 3", "color": 3, "is_active": false}}, {"model": "main.profile", "pk": 110, "fields": {"room_index": 2, "profile_index": 4, "title": "Profile 4", "color": 3, "is_active": false}}, {"model": "main.profile", "pk": 111, "fields": {"room_index": 2, "profile_index": 5, "title": "Profile 5", "color": 3, "is_active": false}}, {"model": "main.configuration", "pk": 11, "fields": {"password": 11, "sound": 11, "features": 11, "display": 11, "active_profile": 102, "network": 11, "log_interval": 1, "display_type": 0}}, {"model": "main.network", "pk": 11, "fields": {"name": "Network", "password": null}}, {"model": "main.features", "pk": 11, "fields": {"temperature": true, "humidity": true, "pressure": true, "airflow": true, "analog": true, "particles": true}}, {"model": "main.sound", "pk": 11, "fields": {"alarm": true, "touch": false}}, {"model": "main.password", "pk": 11, "fields": {"active": false, "password": "master"}}, {"model": "main.display", "pk": 11, "fields": {"screen_sleep": false, "off_time": 60, "lock_time": 30}}]